类型,根函数名,函数名,非独占样本,独占样本,非独占样本 %,独占样本 %,
"Root","[atiu9pag.dll]","[atiu9pag.dll]",10,0,0.59,0.00,
"Caller","[atiu9pag.dll]","[atiu9pag.dll]",5,0,0.30,0.00,
"Caller","[atiu9pag.dll]","[atiumdag.dll]",2,0,0.12,0.00,
"Caller","[atiu9pag.dll]","[d3d9.dll]",10,0,0.59,0.00,
"Callee","[atiu9pag.dll]","[atiu9pag.dll]",5,0,0.30,0.00,
"Callee","[atiu9pag.dll]","[atiumdag.dll]",8,0,0.47,0.00,
"Callee","[atiu9pag.dll]","[d3d9.dll]",3,0,0.18,0.00,
"Callee","[atiu9pag.dll]","[KernelBase.dll]",1,0,0.06,0.00,
"Root","[atiumdag.dll]","[atiumdag.dll]",9,4,0.53,0.24,
"Caller","[atiumdag.dll]","[atiu9pag.dll]",8,0,0.47,0.00,
"Caller","[atiumdag.dll]","[atiumdag.dll]",8,3,0.47,0.18,
"Caller","[atiumdag.dll]","[atiumdva.dll]",1,0,0.06,0.00,
"Caller","[atiumdag.dll]","[ntdll.dll]",1,1,0.06,0.06,
"Callee","[atiumdag.dll]","[atiu9pag.dll]",2,0,0.12,0.00,
"Callee","[atiumdag.dll]","[atiumdag.dll]",8,3,0.47,0.18,
"Callee","[atiumdag.dll]","[atiumdva.dll]",1,0,0.06,0.00,
"Callee","[atiumdag.dll]","[KernelBase.dll]",1,0,0.06,0.00,
"Callee","[atiumdag.dll]","[ntdll.dll]",2,0,0.12,0.00,
"Root","[atiumdva.dll]","[atiumdva.dll]",1,0,0.06,0.00,
"Caller","[atiumdva.dll]","[atiumdag.dll]",1,0,0.06,0.00,
"Caller","[atiumdva.dll]","[atiumdva.dll]",1,0,0.06,0.00,
"Callee","[atiumdva.dll]","[atiumdag.dll]",1,0,0.06,0.00,
"Callee","[atiumdva.dll]","[atiumdva.dll]",1,0,0.06,0.00,
"Root","[bcrypt.dll]","[bcrypt.dll]",1,0,0.06,0.00,
"Caller","[bcrypt.dll]","[bcrypt.dll]",1,0,0.06,0.00,
"Caller","[bcrypt.dll]","[jscript9.dll]",1,0,0.06,0.00,
"Callee","[bcrypt.dll]","[bcrypt.dll]",1,0,0.06,0.00,
"Callee","[bcrypt.dll]","[bcryptprimitives.dll]",1,0,0.06,0.00,
"Root","[bcryptprimitives.dll]","[bcryptprimitives.dll]",1,0,0.06,0.00,
"Caller","[bcryptprimitives.dll]","[bcrypt.dll]",1,0,0.06,0.00,
"Caller","[bcryptprimitives.dll]","[bcryptprimitives.dll]",1,0,0.06,0.00,
"Callee","[bcryptprimitives.dll]","[bcryptprimitives.dll]",1,0,0.06,0.00,
"Callee","[bcryptprimitives.dll]","[ntdll.dll]",1,1,0.06,0.06,
"Root","[cfgmgr32.dll]","[cfgmgr32.dll]",1,0,0.06,0.00,
"Caller","[cfgmgr32.dll]","[cfgmgr32.dll]",1,0,0.06,0.00,
"Caller","[cfgmgr32.dll]","[ntdll.dll]",1,0,0.06,0.00,
"Callee","[cfgmgr32.dll]","[cfgmgr32.dll]",1,0,0.06,0.00,
"Callee","[cfgmgr32.dll]","[ntdll.dll]",1,1,0.06,0.06,
"Root","[clr.dll]","[clr.dll]","1,119",57,66.17,3.37,
"Caller","[clr.dll]","[clr.dll]","1,114",21,65.88,1.24,
"Caller","[clr.dll]","[combase.dll]",46,0,2.72,0.00,
"Caller","[clr.dll]","[kernel32.dll]",44,0,2.60,0.00,
"Caller","[clr.dll]","[mscoreei.dll]","1,064",0,62.92,0.00,
"Caller","[clr.dll]","[mscorlib.ni.dll]",37,5,2.19,0.30,
"Caller","[clr.dll]","[ntdll.dll]",11,0,0.65,0.00,
"Caller","[clr.dll]","[PresentationCore.ni.dll]",19,14,1.12,0.83,
"Caller","[clr.dll]","[System.ni.dll]",1,1,0.06,0.06,
"Caller","[clr.dll]","[WindowsBase.ni.dll]",36,11,2.13,0.65,
"Callee","[clr.dll]","[clr.dll]","1,114",21,65.88,1.24,
"Callee","[clr.dll]","[combase.dll]",47,0,2.78,0.00,
"Callee","[clr.dll]","[KernelBase.dll]",22,0,1.30,0.00,
"Callee","[clr.dll]","[mscoreei.dll]",51,0,3.02,0.00,
"Callee","[clr.dll]","[mscorlib.ni.dll]",44,0,2.60,0.00,
"Callee","[clr.dll]","[mshtml.dll]",46,0,2.72,0.00,
"Callee","[clr.dll]","[ntdll.dll]",3,2,0.18,0.12,
"Callee","[clr.dll]","[PresentationCore.ni.dll]",1,0,0.06,0.00,
"Callee","[clr.dll]","[PresentationFramework.ni.dll]",24,0,1.42,0.00,
"Callee","[clr.dll]","[vcruntime140_clr0400.dll]",1,1,0.06,0.06,
"Callee","[clr.dll]","极简浏览器.App+Program.Main",967,0,57.19,0.00,
"Root","[combase.dll]","[combase.dll]",54,2,3.19,0.12,
"Caller","[combase.dll]","[clr.dll]",47,0,2.78,0.00,
"Caller","[combase.dll]","[combase.dll]",52,2,3.08,0.12,
"Caller","[combase.dll]","[jscript9.dll]",2,0,0.12,0.00,
"Caller","[combase.dll]","[mshtml.dll]",1,0,0.06,0.00,
"Caller","[combase.dll]","[ntdll.dll]",1,0,0.06,0.00,
"Caller","[combase.dll]","[ole32.dll]",1,0,0.06,0.00,
"Caller","[combase.dll]","[PenIMC2_v0400.dll]",1,0,0.06,0.00,
"Caller","[combase.dll]","[rpcrt4.dll]",46,0,2.72,0.00,
"Caller","[combase.dll]","[twinapi.appcore.dll]",1,0,0.06,0.00,
"Caller","[combase.dll]","[user32.dll]",46,0,2.72,0.00,
"Callee","[combase.dll]","[clr.dll]",46,0,2.72,0.00,
"Callee","[combase.dll]","[combase.dll]",52,2,3.08,0.12,
"Callee","[combase.dll]","[KernelBase.dll]",1,0,0.06,0.00,
"Callee","[combase.dll]","[ntdll.dll]",2,2,0.12,0.12,
"Callee","[combase.dll]","[rpcrt4.dll]",46,0,2.72,0.00,
"Callee","[combase.dll]","[ucrtbase.dll]",1,1,0.06,0.06,
"Callee","[combase.dll]","[user32.dll]",47,0,2.78,0.00,
"Callee","[combase.dll]","[win32u.dll]",1,0,0.06,0.00,
"Root","[comctl32.dll]","[comctl32.dll]",1,1,0.06,0.06,
"Caller","[comctl32.dll]","[user32.dll]",1,1,0.06,0.06,
"Root","[CoreMessaging.dll]","[CoreMessaging.dll]",10,2,0.59,0.12,
"Caller","[CoreMessaging.dll]","[CoreMessaging.dll]",10,2,0.59,0.12,
"Caller","[CoreMessaging.dll]","[InputHost.dll]",1,0,0.06,0.00,
"Caller","[CoreMessaging.dll]","[user32.dll]",9,0,0.53,0.00,
"Callee","[CoreMessaging.dll]","[CoreMessaging.dll]",10,2,0.59,0.12,
"Callee","[CoreMessaging.dll]","[CoreUIComponents.dll]",6,1,0.35,0.06,
"Callee","[CoreMessaging.dll]","[user32.dll]",1,0,0.06,0.00,
"Callee","[CoreMessaging.dll]","[win32u.dll]",1,0,0.06,0.00,
"Root","[CoreUIComponents.dll]","[CoreUIComponents.dll]",6,1,0.35,0.06,
"Caller","[CoreUIComponents.dll]","[CoreMessaging.dll]",6,1,0.35,0.06,
"Caller","[CoreUIComponents.dll]","[CoreUIComponents.dll]",5,0,0.30,0.00,
"Callee","[CoreUIComponents.dll]","[CoreUIComponents.dll]",5,0,0.30,0.00,
"Callee","[CoreUIComponents.dll]","[TextInputFramework.dll]",5,0,0.30,0.00,
"Root","[d2d1.dll]","[d2d1.dll]",112,28,6.62,1.66,
"Caller","[d2d1.dll]","[d2d1.dll]",107,24,6.33,1.42,
"Caller","[d2d1.dll]","[mshtml.dll]",111,3,6.56,0.18,
"Caller","[d2d1.dll]","[ntdll.dll]",1,1,0.06,0.06,
"Callee","[d2d1.dll]","[d2d1.dll]",107,24,6.33,1.42,
"Callee","[d2d1.dll]","[d3d11.dll]",68,8,4.02,0.47,
"Callee","[d2d1.dll]","[DWrite.dll]",1,1,0.06,0.06,
"Callee","[d2d1.dll]","[gdi32.dll]",11,0,0.65,0.00,
"Callee","[d2d1.dll]","[KernelBase.dll]",1,0,0.06,0.00,
"Callee","[d2d1.dll]","[msvcrt.dll]",3,1,0.18,0.06,
"Root","[d3d10warp.dll]","[d3d10warp.dll]",207,176,12.24,10.41,
"Caller","[d3d10warp.dll]","[d3d10warp.dll]",200,172,11.83,10.17,
"Caller","[d3d10warp.dll]","[d3d11.dll]",37,4,2.19,0.24,
"Caller","[d3d10warp.dll]","[ntdll.dll]",170,0,10.05,0.00,
"Callee","[d3d10warp.dll]","[d3d10warp.dll]",200,172,11.83,10.17,
"Callee","[d3d10warp.dll]","[d3d11.dll]",12,0,0.71,0.00,
"Callee","[d3d10warp.dll]","[gdi32full.dll]",2,0,0.12,0.00,
"Callee","[d3d10warp.dll]","[KernelBase.dll]",4,1,0.24,0.06,
"Callee","[d3d10warp.dll]","[ntdll.dll]",10,5,0.59,0.30,
"Callee","[d3d10warp.dll]","[ucrtbase.dll]",2,2,0.12,0.12,
"Callee","[d3d10warp.dll]","[未知]",1,1,0.06,0.06,
"Root","[d3d11.dll]","[d3d11.dll]",75,25,4.44,1.48,
"Caller","[d3d11.dll]","[d2d1.dll]",68,8,4.02,0.47,
"Caller","[d3d11.dll]","[d3d10warp.dll]",12,0,0.71,0.00,
"Caller","[d3d11.dll]","[d3d11.dll]",48,17,2.84,1.01,
"Caller","[d3d11.dll]","[mshtml.dll]",7,0,0.41,0.00,
"Callee","[d3d11.dll]","[d3d10warp.dll]",37,4,2.19,0.24,
"Callee","[d3d11.dll]","[d3d11.dll]",48,17,2.84,1.01,
"Callee","[d3d11.dll]","[gdi32full.dll]",2,2,0.12,0.12,
"Callee","[d3d11.dll]","[KernelBase.dll]",2,0,0.12,0.00,
"Callee","[d3d11.dll]","[ntdll.dll]",1,1,0.06,0.06,
"Callee","[d3d11.dll]","[win32u.dll]",20,0,1.18,0.00,
"Root","[d3d9.dll]","[d3d9.dll]",11,0,0.65,0.00,
"Caller","[d3d9.dll]","[atiu9pag.dll]",3,0,0.18,0.00,
"Caller","[d3d9.dll]","[d3d9.dll]",11,0,0.65,0.00,
"Caller","[d3d9.dll]","[wpfgfx_v0400.dll]",11,0,0.65,0.00,
"Callee","[d3d9.dll]","[atiu9pag.dll]",10,0,0.59,0.00,
"Callee","[d3d9.dll]","[d3d9.dll]",11,0,0.65,0.00,
"Callee","[d3d9.dll]","[KernelBase.dll]",1,0,0.06,0.00,
"Callee","[d3d9.dll]","[win32u.dll]",3,0,0.18,0.00,
"Root","[DataExchange.dll]","[DataExchange.dll]",1,0,0.06,0.00,
"Caller","[DataExchange.dll]","[ole32.dll]",1,0,0.06,0.00,
"Callee","[DataExchange.dll]","[twinapi.appcore.dll]",1,0,0.06,0.00,
"Root","[DWrite.dll]","[DWrite.dll]",1,1,0.06,0.06,
"Caller","[DWrite.dll]","[d2d1.dll]",1,1,0.06,0.06,
"Root","[ExplorerFrame.dll]","[ExplorerFrame.dll]",1,0,0.06,0.00,
"Caller","[ExplorerFrame.dll]","[ExplorerFrame.dll]",1,0,0.06,0.00,
"Caller","[ExplorerFrame.dll]","[ntdll.dll]",1,0,0.06,0.00,
"Callee","[ExplorerFrame.dll]","[ExplorerFrame.dll]",1,0,0.06,0.00,
"Callee","[ExplorerFrame.dll]","[shlwapi.dll]",1,0,0.06,0.00,
"Root","[Flash.ocx]","[Flash.ocx]",2,0,0.12,0.00,
"Caller","[Flash.ocx]","[Flash.ocx]",2,0,0.12,0.00,
"Caller","[Flash.ocx]","[ntdll.dll]",2,0,0.12,0.00,
"Callee","[Flash.ocx]","[Flash.ocx]",2,0,0.12,0.00,
"Callee","[Flash.ocx]","[KernelBase.dll]",1,0,0.06,0.00,
"Callee","[Flash.ocx]","[ntdll.dll]",1,0,0.06,0.00,
"Root","[gdi32.dll]","[gdi32.dll]",34,2,2.01,0.12,
"Caller","[gdi32.dll]","[d2d1.dll]",11,0,0.65,0.00,
"Caller","[gdi32.dll]","[gdi32.dll]",1,1,0.06,0.06,
"Caller","[gdi32.dll]","[mshtml.dll]",20,0,1.18,0.00,
"Caller","[gdi32.dll]","[SogouPY.ime]",2,0,0.12,0.00,
"Caller","[gdi32.dll]","[user32.dll]",1,1,0.06,0.06,
"Callee","[gdi32.dll]","[gdi32.dll]",1,1,0.06,0.06,
"Callee","[gdi32.dll]","[gdi32full.dll]",31,0,1.83,0.00,
"Callee","[gdi32.dll]","[win32u.dll]",1,1,0.06,0.06,
"Root","[gdi32full.dll]","[gdi32full.dll]",37,3,2.19,0.18,
"Caller","[gdi32full.dll]","[d3d10warp.dll]",2,0,0.12,0.00,
"Caller","[gdi32full.dll]","[d3d11.dll]",2,2,0.12,0.12,
"Caller","[gdi32full.dll]","[gdi32.dll]",31,0,1.83,0.00,
"Caller","[gdi32full.dll]","[gdi32full.dll]",1,0,0.06,0.00,
"Caller","[gdi32full.dll]","[user32.dll]",1,0,0.06,0.00,
"Caller","[gdi32full.dll]","[uxtheme.dll]",1,1,0.06,0.06,
"Callee","[gdi32full.dll]","[gdi32full.dll]",1,0,0.06,0.00,
"Callee","[gdi32full.dll]","[KernelBase.dll]",1,0,0.06,0.00,
"Callee","[gdi32full.dll]","[win32u.dll]",33,0,1.95,0.00,
"Root","[ieframe.dll]","[ieframe.dll]",25,0,1.48,0.00,
"Caller","[ieframe.dll]","[ieframe.dll]",24,0,1.42,0.00,
"Caller","[ieframe.dll]","[mshtml.dll]",1,0,0.06,0.00,
"Caller","[ieframe.dll]","[user32.dll]",18,0,1.06,0.00,
"Caller","[ieframe.dll]","[WindowsBase.ni.dll]",23,0,1.36,0.00,
"Callee","[ieframe.dll]","[ieframe.dll]",24,0,1.42,0.00,
"Callee","[ieframe.dll]","[mshtml.dll]",20,0,1.18,0.00,
"Callee","[ieframe.dll]","[ntdll.dll]",19,0,1.12,0.00,
"Callee","[ieframe.dll]","[ole32.dll]",1,0,0.06,0.00,
"Callee","[ieframe.dll]","[user32.dll]",2,0,0.12,0.00,
"Root","[iertutil.dll]","[iertutil.dll]",7,4,0.41,0.24,
"Caller","[iertutil.dll]","[iertutil.dll]",5,2,0.30,0.12,
"Caller","[iertutil.dll]","[mshtml.dll]",6,2,0.35,0.12,
"Caller","[iertutil.dll]","[urlmon.dll]",1,0,0.06,0.00,
"Callee","[iertutil.dll]","[iertutil.dll]",5,2,0.30,0.12,
"Callee","[iertutil.dll]","[KernelBase.dll]",3,0,0.18,0.00,
"Root","[imgutil.dll]","[imgutil.dll]",1,1,0.06,0.06,
"Caller","[imgutil.dll]","[imgutil.dll]",1,1,0.06,0.06,
"Caller","[imgutil.dll]","[ntdll.dll]",1,0,0.06,0.00,
"Callee","[imgutil.dll]","[imgutil.dll]",1,1,0.06,0.06,
"Root","[InputHost.dll]","[InputHost.dll]",1,0,0.06,0.00,
"Caller","[InputHost.dll]","[InputHost.dll]",1,0,0.06,0.00,
"Caller","[InputHost.dll]","[kernel32.dll]",1,0,0.06,0.00,
"Callee","[InputHost.dll]","[CoreMessaging.dll]",1,0,0.06,0.00,
"Callee","[InputHost.dll]","[InputHost.dll]",1,0,0.06,0.00,
"Root","[jscript9.dll]","[jscript9.dll]",107,58,6.33,3.43,
"Caller","[jscript9.dll]","[jscript9.dll]",104,48,6.15,2.84,
"Caller","[jscript9.dll]","[mshtml.dll]",89,4,5.26,0.24,
"Caller","[jscript9.dll]","[msvcrt.dll]",17,0,1.01,0.00,
"Caller","[jscript9.dll]","[ntdll.dll]",1,1,0.06,0.06,
"Caller","[jscript9.dll]","[未知]",41,5,2.42,0.30,
"Callee","[jscript9.dll]","[bcrypt.dll]",1,0,0.06,0.00,
"Callee","[jscript9.dll]","[combase.dll]",2,0,0.12,0.00,
"Callee","[jscript9.dll]","[jscript9.dll]",104,48,6.15,2.84,
"Callee","[jscript9.dll]","[KernelBase.dll]",11,1,0.65,0.06,
"Callee","[jscript9.dll]","[mshtml.dll]",32,2,1.89,0.12,
"Callee","[jscript9.dll]","[msvcrt.dll]",5,3,0.30,0.18,
"Callee","[jscript9.dll]","[ntdll.dll]",1,0,0.06,0.00,
"Callee","[jscript9.dll]","[未知]",42,1,2.48,0.06,
"Root","[kernel32.dll]","[kernel32.dll]",401,6,23.71,0.35,
"Caller","[kernel32.dll]","[MobileInput.dll]",1,0,0.06,0.00,
"Caller","[kernel32.dll]","[mscoree.dll]",1,0,0.06,0.00,
"Caller","[kernel32.dll]","[mscoreei.dll]",51,0,3.02,0.00,
"Caller","[kernel32.dll]","[mshtml.dll]",6,4,0.35,0.24,
"Caller","[kernel32.dll]","[ntdll.dll]",343,0,20.28,0.00,
"Caller","[kernel32.dll]","[oleaut32.dll]",1,0,0.06,0.00,
"Caller","[kernel32.dll]","[WindowsBase.ni.dll]",1,1,0.06,0.06,
"Caller","[kernel32.dll]","[wpfgfx_v0400.dll]",1,1,0.06,0.06,
"Callee","[kernel32.dll]","[clr.dll]",44,0,2.60,0.00,
"Callee","[kernel32.dll]","[InputHost.dll]",1,0,0.06,0.00,
"Callee","[kernel32.dll]","[KernelBase.dll]",5,0,0.30,0.00,
"Callee","[kernel32.dll]","[mshtml.dll]",32,0,1.89,0.00,
"Callee","[kernel32.dll]","[msvcrt.dll]",37,0,2.19,0.00,
"Callee","[kernel32.dll]","[ntdll.dll]",243,0,14.37,0.00,
"Callee","[kernel32.dll]","[SHCore.dll]",1,0,0.06,0.00,
"Callee","[kernel32.dll]","[SogouPY.ime]",1,0,0.06,0.00,
"Callee","[kernel32.dll]","[wpfgfx_v0400.dll]",35,0,2.07,0.00,
"Root","[KernelBase.dll]","[KernelBase.dll]",193,9,11.41,0.53,
"Caller","[KernelBase.dll]","[atiu9pag.dll]",1,0,0.06,0.00,
"Caller","[KernelBase.dll]","[atiumdag.dll]",1,0,0.06,0.00,
"Caller","[KernelBase.dll]","[clr.dll]",22,0,1.30,0.00,
"Caller","[KernelBase.dll]","[combase.dll]",1,0,0.06,0.00,
"Caller","[KernelBase.dll]","[d2d1.dll]",1,0,0.06,0.00,
"Caller","[KernelBase.dll]","[d3d10warp.dll]",4,1,0.24,0.06,
"Caller","[KernelBase.dll]","[d3d11.dll]",2,0,0.12,0.00,
"Caller","[KernelBase.dll]","[d3d9.dll]",1,0,0.06,0.00,
"Caller","[KernelBase.dll]","[Flash.ocx]",1,0,0.06,0.00,
"Caller","[KernelBase.dll]","[gdi32full.dll]",1,0,0.06,0.00,
"Caller","[KernelBase.dll]","[iertutil.dll]",3,0,0.18,0.00,
"Caller","[KernelBase.dll]","[jscript9.dll]",11,1,0.65,0.06,
"Caller","[KernelBase.dll]","[kernel32.dll]",5,0,0.30,0.00,
"Caller","[KernelBase.dll]","[KernelBase.dll]",86,2,5.09,0.12,
"Caller","[KernelBase.dll]","[msctf.dll]",2,0,0.12,0.00,
"Caller","[KernelBase.dll]","[mshtml.dll]",18,4,1.06,0.24,
"Caller","[KernelBase.dll]","[ntmarta.dll]",6,0,0.35,0.00,
"Caller","[KernelBase.dll]","[PicFace.dll]",82,1,4.85,0.06,
"Caller","[KernelBase.dll]","[SHCore.dll]",1,0,0.06,0.00,
"Caller","[KernelBase.dll]","[SogouPY.ime]",27,0,1.60,0.00,
"Caller","[KernelBase.dll]","[twinapi.appcore.dll]",2,0,0.12,0.00,
"Caller","[KernelBase.dll]","[urlmon.dll]",1,0,0.06,0.00,
"Caller","[KernelBase.dll]","[wpfgfx_v0400.dll]",2,0,0.12,0.00,
"Callee","[KernelBase.dll]","[KernelBase.dll]",86,2,5.09,0.12,
"Callee","[KernelBase.dll]","[ntdll.dll]",184,6,10.88,0.35,
"Callee","[KernelBase.dll]","[ntmarta.dll]",2,0,0.12,0.00,
"Root","[MobileInput.dll]","[MobileInput.dll]",1,0,0.06,0.00,
"Caller","[MobileInput.dll]","[MobileInput.dll]",1,0,0.06,0.00,
"Caller","[MobileInput.dll]","[ntdll.dll]",1,0,0.06,0.00,
"Callee","[MobileInput.dll]","[kernel32.dll]",1,0,0.06,0.00,
"Callee","[MobileInput.dll]","[MobileInput.dll]",1,0,0.06,0.00,
"Root","[mscoree.dll]","[mscoree.dll]","1,065",0,62.98,0.00,
"Caller","[mscoree.dll]","[mscoree.dll]","1,065",0,62.98,0.00,
"Caller","[mscoree.dll]","[ntdll.dll]","1,065",0,62.98,0.00,
"Callee","[mscoree.dll]","[kernel32.dll]",1,0,0.06,0.00,
"Callee","[mscoree.dll]","[mscoree.dll]","1,065",0,62.98,0.00,
"Callee","[mscoree.dll]","[mscoreei.dll]","1,064",0,62.92,0.00,
"Root","[mscoreei.dll]","[mscoreei.dll]","1,064",0,62.92,0.00,
"Caller","[mscoreei.dll]","[clr.dll]",51,0,3.02,0.00,
"Caller","[mscoreei.dll]","[mscoree.dll]","1,064",0,62.92,0.00,
"Caller","[mscoreei.dll]","[mscoreei.dll]",51,0,3.02,0.00,
"Callee","[mscoreei.dll]","[clr.dll]","1,064",0,62.92,0.00,
"Callee","[mscoreei.dll]","[kernel32.dll]",51,0,3.02,0.00,
"Callee","[mscoreei.dll]","[mscoreei.dll]",51,0,3.02,0.00,
"Callee","[mscoreei.dll]","[ntdll.dll]",1,1,0.06,0.06,
"Root","[mscorlib.ni.dll]","[mscorlib.ni.dll]",160,11,9.46,0.65,
"Caller","[mscorlib.ni.dll]","[clr.dll]",44,0,2.60,0.00,
"Caller","[mscorlib.ni.dll]","[mscorlib.ni.dll]",150,0,8.87,0.00,
"Caller","[mscorlib.ni.dll]","[PresentationCore.ni.dll]",5,1,0.30,0.06,
"Caller","[mscorlib.ni.dll]","[System.ni.dll]",7,1,0.41,0.06,
"Caller","[mscorlib.ni.dll]","[WindowsBase.ni.dll]",114,9,6.74,0.53,
"Callee","[mscorlib.ni.dll]","[clr.dll]",37,5,2.19,0.30,
"Callee","[mscorlib.ni.dll]","[mscorlib.ni.dll]",150,0,8.87,0.00,
"Callee","[mscorlib.ni.dll]","[PresentationCore.ni.dll]",2,0,0.12,0.00,
"Callee","[mscorlib.ni.dll]","[System.ni.dll]",16,0,0.95,0.00,
"Callee","[mscorlib.ni.dll]","[WindowsBase.ni.dll]",104,0,6.15,0.00,
"Callee","[mscorlib.ni.dll]","[未知]",2,2,0.12,0.12,
"Root","[msctf.dll]","[msctf.dll]",18,1,1.06,0.06,
"Caller","[msctf.dll]","[msctf.dll]",14,0,0.83,0.00,
"Caller","[msctf.dll]","[TextInputFramework.dll]",5,0,0.30,0.00,
"Caller","[msctf.dll]","[user32.dll]",10,1,0.59,0.06,
"Caller","[msctf.dll]","[WindowsBase.ni.dll]",4,0,0.24,0.00,
"Callee","[msctf.dll]","[KernelBase.dll]",2,0,0.12,0.00,
"Callee","[msctf.dll]","[msctf.dll]",14,0,0.83,0.00,
"Callee","[msctf.dll]","[msctfui.dll]",2,0,0.12,0.00,
"Callee","[msctf.dll]","[ntdll.dll]",3,0,0.18,0.00,
"Callee","[msctf.dll]","[SogouTSF.ime]",3,0,0.18,0.00,
"Callee","[msctf.dll]","[user32.dll]",8,1,0.47,0.06,
"Root","[msctfui.dll]","[msctfui.dll]",3,0,0.18,0.00,
"Caller","[msctfui.dll]","[msctf.dll]",2,0,0.12,0.00,
"Caller","[msctfui.dll]","[msctfui.dll]",2,0,0.12,0.00,
"Caller","[msctfui.dll]","[user32.dll]",1,0,0.06,0.00,
"Callee","[msctfui.dll]","[msctfui.dll]",2,0,0.12,0.00,
"Callee","[msctfui.dll]","[user32.dll]",1,0,0.06,0.00,
"Callee","[msctfui.dll]","[uxtheme.dll]",1,0,0.06,0.00,
"Callee","[msctfui.dll]","[未知]",1,0,0.06,0.00,
"Root","[mshtml.dll]","[mshtml.dll]",588,169,34.77,9.99,
"Caller","[mshtml.dll]","[clr.dll]",46,0,2.72,0.00,
"Caller","[mshtml.dll]","[ieframe.dll]",20,0,1.18,0.00,
"Caller","[mshtml.dll]","[jscript9.dll]",32,2,1.89,0.12,
"Caller","[mshtml.dll]","[kernel32.dll]",32,0,1.89,0.00,
"Caller","[mshtml.dll]","[mshtml.dll]",580,167,34.30,9.88,
"Caller","[mshtml.dll]","[msvcrt.dll]",13,0,0.77,0.00,
"Caller","[mshtml.dll]","[ntdll.dll]",1,0,0.06,0.00,
"Caller","[mshtml.dll]","[user32.dll]",477,0,28.21,0.00,
"Callee","[mshtml.dll]","[combase.dll]",1,0,0.06,0.00,
"Callee","[mshtml.dll]","[d2d1.dll]",111,3,6.56,0.18,
"Callee","[mshtml.dll]","[d3d11.dll]",7,0,0.41,0.00,
"Callee","[mshtml.dll]","[gdi32.dll]",20,0,1.18,0.00,
"Callee","[mshtml.dll]","[ieframe.dll]",1,0,0.06,0.00,
"Callee","[mshtml.dll]","[iertutil.dll]",6,2,0.35,0.12,
"Callee","[mshtml.dll]","[jscript9.dll]",89,4,5.26,0.24,
"Callee","[mshtml.dll]","[kernel32.dll]",6,4,0.35,0.24,
"Callee","[mshtml.dll]","[KernelBase.dll]",18,4,1.06,0.24,
"Callee","[mshtml.dll]","[mshtml.dll]",580,167,34.30,9.88,
"Callee","[mshtml.dll]","[msvcrt.dll]",14,10,0.83,0.59,
"Callee","[mshtml.dll]","[ntdll.dll]",16,7,0.95,0.41,
"Callee","[mshtml.dll]","[oleaut32.dll]",2,1,0.12,0.06,
"Callee","[mshtml.dll]","[shlwapi.dll]",1,1,0.06,0.06,
"Callee","[mshtml.dll]","[t2embed.dll]",2,0,0.12,0.00,
"Callee","[mshtml.dll]","[urlmon.dll]",3,0,0.18,0.00,
"Callee","[mshtml.dll]","[user32.dll]",76,6,4.49,0.35,
"Callee","[mshtml.dll]","[win32u.dll]",72,2,4.26,0.12,
"Callee","[mshtml.dll]","[WindowsCodecs.dll]",1,0,0.06,0.00,
"Callee","[mshtml.dll]","[wininet.dll]",1,0,0.06,0.00,
"Root","[msvcrt.dll]","[msvcrt.dll]",58,19,3.43,1.12,
"Caller","[msvcrt.dll]","[d2d1.dll]",3,1,0.18,0.06,
"Caller","[msvcrt.dll]","[jscript9.dll]",5,3,0.30,0.18,
"Caller","[msvcrt.dll]","[kernel32.dll]",37,0,2.19,0.00,
"Caller","[msvcrt.dll]","[mshtml.dll]",14,10,0.83,0.59,
"Caller","[msvcrt.dll]","[msvcrt.dll]",40,4,2.37,0.24,
"Caller","[msvcrt.dll]","[ntdll.dll]",1,1,0.06,0.06,
"Caller","[msvcrt.dll]","[WindowsCodecs.dll]",1,0,0.06,0.00,
"Callee","[msvcrt.dll]","[jscript9.dll]",17,0,1.01,0.00,
"Callee","[msvcrt.dll]","[mshtml.dll]",13,0,0.77,0.00,
"Callee","[msvcrt.dll]","[msvcrt.dll]",40,4,2.37,0.24,
"Callee","[msvcrt.dll]","[ntdll.dll]",5,1,0.30,0.06,
"Callee","[msvcrt.dll]","[wisp.dll]",7,0,0.41,0.00,
"Root","[ntdll.dll]","[ntdll.dll]",764,172,45.18,10.17,
"Caller","[ntdll.dll]","[ntdll.dll]",743,2,43.94,0.12,
"Caller","[ntdll.dll]","[ntdll.dll]",221,0,13.07,0.00,
"Caller","[ntdll.dll]","[win32u.dll]",464,0,27.44,0.00,
"Caller","[ntdll.dll]","[wow64.dll]",164,163,9.70,9.64,
"Caller","[ntdll.dll]","[wow64cpu.dll]",6,3,0.35,0.18,
"Caller","[ntdll.dll]","[wow64win.dll]",4,0,0.24,0.00,
"Caller","[ntdll.dll]","[未知]",228,4,13.48,0.24,
"Callee","[ntdll.dll]","[ntdll.dll]",743,2,43.94,0.12,
"Callee","[ntdll.dll]","[wow64.dll]",743,0,43.94,0.00,
"Callee","[ntdll.dll]","[wow64win.dll]",212,0,12.54,0.00,
"Root","[ntdll.dll]","[ntdll.dll]","1,511",81,89.36,4.79,
"Caller","[ntdll.dll]","[atiumdag.dll]",2,0,0.12,0.00,
"Caller","[ntdll.dll]","[bcryptprimitives.dll]",1,1,0.06,0.06,
"Caller","[ntdll.dll]","[cfgmgr32.dll]",1,1,0.06,0.06,
"Caller","[ntdll.dll]","[clr.dll]",3,2,0.18,0.12,
"Caller","[ntdll.dll]","[combase.dll]",2,2,0.12,0.12,
"Caller","[ntdll.dll]","[d3d10warp.dll]",10,5,0.59,0.30,
"Caller","[ntdll.dll]","[d3d11.dll]",1,1,0.06,0.06,
"Caller","[ntdll.dll]","[Flash.ocx]",1,0,0.06,0.00,
"Caller","[ntdll.dll]","[ieframe.dll]",19,0,1.12,0.00,
"Caller","[ntdll.dll]","[jscript9.dll]",1,0,0.06,0.00,
"Caller","[ntdll.dll]","[kernel32.dll]",243,0,14.37,0.00,
"Caller","[ntdll.dll]","[KernelBase.dll]",184,6,10.88,0.35,
"Caller","[ntdll.dll]","[mscoreei.dll]",1,1,0.06,0.06,
"Caller","[ntdll.dll]","[msctf.dll]",3,0,0.18,0.00,
"Caller","[ntdll.dll]","[mshtml.dll]",16,7,0.95,0.41,
"Caller","[ntdll.dll]","[msvcrt.dll]",5,1,0.30,0.06,
"Caller","[ntdll.dll]","[ntdll.dll]","1,416",37,83.74,2.19,
"Caller","[ntdll.dll]","[ntmarta.dll]",15,0,0.89,0.00,
"Caller","[ntdll.dll]","[PicFace.dll]",7,2,0.41,0.12,
"Caller","[ntdll.dll]","[propsys.dll]",1,0,0.06,0.00,
"Caller","[ntdll.dll]","[SGMouseInput.dll]",1,0,0.06,0.00,
"Caller","[ntdll.dll]","[SogouPY.ime]",3,0,0.18,0.00,
"Caller","[ntdll.dll]","[System.ni.dll]",9,0,0.53,0.00,
"Caller","[ntdll.dll]","[user32.dll]",362,6,21.41,0.35,
"Caller","[ntdll.dll]","[uxtheme.dll]",3,2,0.18,0.12,
"Caller","[ntdll.dll]","[Windows.Media.dll]",1,0,0.06,0.00,
"Caller","[ntdll.dll]","[WindowsBase.ni.dll]",26,1,1.54,0.06,
"Caller","[ntdll.dll]","[wininet.dll]",1,0,0.06,0.00,
"Caller","[ntdll.dll]","[wpfgfx_v0400.dll]",11,6,0.65,0.35,
"Callee","[ntdll.dll]","[atiumdag.dll]",1,1,0.06,0.06,
"Callee","[ntdll.dll]","[cfgmgr32.dll]",1,0,0.06,0.00,
"Callee","[ntdll.dll]","[clr.dll]",11,0,0.65,0.00,
"Callee","[ntdll.dll]","[combase.dll]",1,0,0.06,0.00,
"Callee","[ntdll.dll]","[d2d1.dll]",1,1,0.06,0.06,
"Callee","[ntdll.dll]","[d3d10warp.dll]",170,0,10.05,0.00,
"Callee","[ntdll.dll]","[ExplorerFrame.dll]",1,0,0.06,0.00,
"Callee","[ntdll.dll]","[Flash.ocx]",2,0,0.12,0.00,
"Callee","[ntdll.dll]","[imgutil.dll]",1,0,0.06,0.00,
"Callee","[ntdll.dll]","[jscript9.dll]",1,1,0.06,0.06,
"Callee","[ntdll.dll]","[kernel32.dll]",343,0,20.28,0.00,
"Callee","[ntdll.dll]","[MobileInput.dll]",1,0,0.06,0.00,
"Callee","[ntdll.dll]","[mscoree.dll]","1,065",0,62.98,0.00,
"Callee","[ntdll.dll]","[mshtml.dll]",1,0,0.06,0.00,
"Callee","[ntdll.dll]","[msvcrt.dll]",1,1,0.06,0.06,
"Callee","[ntdll.dll]","[ntdll.dll]",221,0,13.07,0.00,
"Callee","[ntdll.dll]","[ntdll.dll]","1,416",37,83.74,2.19,
"Callee","[ntdll.dll]","[PicFace.dll]",3,0,0.18,0.00,
"Callee","[ntdll.dll]","[propsys.dll]",1,0,0.06,0.00,
"Callee","[ntdll.dll]","[SGMouseInput.dll]",1,0,0.06,0.00,
"Callee","[ntdll.dll]","[SogouPY.ime]",31,0,1.83,0.00,
"Callee","[ntdll.dll]","[SogouTSF.ime]",1,0,0.06,0.00,
"Callee","[ntdll.dll]","[twinapi.appcore.dll]",1,0,0.06,0.00,
"Callee","[ntdll.dll]","[user32.dll]",398,2,23.54,0.12,
"Callee","[ntdll.dll]","[Windows.Media.dll]",1,0,0.06,0.00,
"Root","[ntmarta.dll]","[ntmarta.dll]",23,1,1.36,0.06,
"Caller","[ntmarta.dll]","[KernelBase.dll]",2,0,0.12,0.00,
"Caller","[ntmarta.dll]","[ntmarta.dll]",23,1,1.36,0.06,
"Caller","[ntmarta.dll]","[PicFace.dll]",16,0,0.95,0.00,
"Caller","[ntmarta.dll]","[SogouPY.ime]",5,0,0.30,0.00,
"Callee","[ntmarta.dll]","[KernelBase.dll]",6,0,0.35,0.00,
"Callee","[ntmarta.dll]","[ntdll.dll]",15,0,0.89,0.00,
"Callee","[ntmarta.dll]","[ntmarta.dll]",23,1,1.36,0.06,
"Callee","[ntmarta.dll]","[sechost.dll]",1,0,0.06,0.00,
"Root","[ole32.dll]","[ole32.dll]",2,0,0.12,0.00,
"Caller","[ole32.dll]","[ieframe.dll]",1,0,0.06,0.00,
"Caller","[ole32.dll]","[ole32.dll]",2,0,0.12,0.00,
"Caller","[ole32.dll]","[WindowsBase.ni.dll]",1,0,0.06,0.00,
"Callee","[ole32.dll]","[combase.dll]",1,0,0.06,0.00,
"Callee","[ole32.dll]","[DataExchange.dll]",1,0,0.06,0.00,
"Callee","[ole32.dll]","[ole32.dll]",2,0,0.12,0.00,
"Root","[oleaut32.dll]","[oleaut32.dll]",2,1,0.12,0.06,
"Caller","[oleaut32.dll]","[mshtml.dll]",2,1,0.12,0.06,
"Caller","[oleaut32.dll]","[oleaut32.dll]",1,0,0.06,0.00,
"Callee","[oleaut32.dll]","[kernel32.dll]",1,0,0.06,0.00,
"Callee","[oleaut32.dll]","[oleaut32.dll]",1,0,0.06,0.00,
"Root","[PenIMC2_v0400.dll]","[PenIMC2_v0400.dll]",2,1,0.12,0.06,
"Caller","[PenIMC2_v0400.dll]","[PenIMC2_v0400.dll]",2,1,0.12,0.06,
"Caller","[PenIMC2_v0400.dll]","[PresentationCore.ni.dll]",2,0,0.12,0.00,
"Callee","[PenIMC2_v0400.dll]","[combase.dll]",1,0,0.06,0.00,
"Callee","[PenIMC2_v0400.dll]","[PenIMC2_v0400.dll]",2,1,0.12,0.06,
"Root","[PicFace.dll]","[PicFace.dll]",156,51,9.23,3.02,
"Caller","[PicFace.dll]","[ntdll.dll]",3,0,0.18,0.00,
"Caller","[PicFace.dll]","[PicFace.dll]",66,49,3.90,2.90,
"Caller","[PicFace.dll]","[未知]",7,0,0.41,0.00,
"Callee","[PicFace.dll]","[KernelBase.dll]",82,1,4.85,0.06,
"Callee","[PicFace.dll]","[ntdll.dll]",7,2,0.41,0.12,
"Callee","[PicFace.dll]","[ntmarta.dll]",16,0,0.95,0.00,
"Callee","[PicFace.dll]","[PicFace.dll]",66,49,3.90,2.90,
"Root","[PresentationCore.ni.dll]","[PresentationCore.ni.dll]",107,22,6.33,1.30,
"Caller","[PresentationCore.ni.dll]","[clr.dll]",1,0,0.06,0.00,
"Caller","[PresentationCore.ni.dll]","[mscorlib.ni.dll]",2,0,0.12,0.00,
"Caller","[PresentationCore.ni.dll]","[PresentationCore.ni.dll]",97,15,5.74,0.89,
"Caller","[PresentationCore.ni.dll]","[PresentationFramework.ni.dll]",10,0,0.59,0.00,
"Caller","[PresentationCore.ni.dll]","[WindowsBase.ni.dll]",98,7,5.80,0.41,
"Caller","[PresentationCore.ni.dll]","[未知]",6,0,0.35,0.00,
"Callee","[PresentationCore.ni.dll]","[clr.dll]",19,14,1.12,0.83,
"Callee","[PresentationCore.ni.dll]","[mscorlib.ni.dll]",5,1,0.30,0.06,
"Callee","[PresentationCore.ni.dll]","[PenIMC2_v0400.dll]",2,0,0.12,0.00,
"Callee","[PresentationCore.ni.dll]","[PresentationCore.ni.dll]",97,15,5.74,0.89,
"Callee","[PresentationCore.ni.dll]","[PresentationFramework.ni.dll]",7,2,0.41,0.12,
"Callee","[PresentationCore.ni.dll]","[user32.dll]",1,0,0.06,0.00,
"Callee","[PresentationCore.ni.dll]","[WindowsBase.ni.dll]",45,10,2.66,0.59,
"Callee","[PresentationCore.ni.dll]","[wpfgfx_v0400.dll]",13,0,0.77,0.00,
"Callee","[PresentationCore.ni.dll]","[未知]",3,3,0.18,0.18,
"Root","[PresentationFramework.ni.dll]","[PresentationFramework.ni.dll]",991,6,58.60,0.35,
"Caller","[PresentationFramework.ni.dll]","[clr.dll]",24,0,1.42,0.00,
"Caller","[PresentationFramework.ni.dll]","[PresentationCore.ni.dll]",7,2,0.41,0.12,
"Caller","[PresentationFramework.ni.dll]","[PresentationFramework.ni.dll]",991,3,58.60,0.18,
"Caller","[PresentationFramework.ni.dll]","[WindowsBase.ni.dll]",14,1,0.83,0.06,
"Caller","[PresentationFramework.ni.dll]","[未知]",25,0,1.48,0.00,
"Caller","[PresentationFramework.ni.dll]","极简浏览器.App+Program.Main",967,0,57.19,0.00,
"Callee","[PresentationFramework.ni.dll]","[PresentationCore.ni.dll]",10,0,0.59,0.00,
"Callee","[PresentationFramework.ni.dll]","[PresentationFramework.ni.dll]",991,3,58.60,0.18,
"Callee","[PresentationFramework.ni.dll]","[WindowsBase.ni.dll]",991,0,58.60,0.00,
"Root","[propsys.dll]","[propsys.dll]",1,0,0.06,0.00,
"Caller","[propsys.dll]","[ntdll.dll]",1,0,0.06,0.00,
"Caller","[propsys.dll]","[propsys.dll]",1,0,0.06,0.00,
"Callee","[propsys.dll]","[ntdll.dll]",1,0,0.06,0.00,
"Callee","[propsys.dll]","[propsys.dll]",1,0,0.06,0.00,
"Root","[rpcrt4.dll]","[rpcrt4.dll]",47,1,2.78,0.06,
"Caller","[rpcrt4.dll]","[combase.dll]",46,0,2.72,0.00,
"Caller","[rpcrt4.dll]","[rpcrt4.dll]",47,1,2.78,0.06,
"Caller","[rpcrt4.dll]","[sechost.dll]",1,0,0.06,0.00,
"Callee","[rpcrt4.dll]","[combase.dll]",46,0,2.72,0.00,
"Callee","[rpcrt4.dll]","[rpcrt4.dll]",47,1,2.78,0.06,
"Root","[sechost.dll]","[sechost.dll]",1,0,0.06,0.00,
"Caller","[sechost.dll]","[ntmarta.dll]",1,0,0.06,0.00,
"Caller","[sechost.dll]","[sechost.dll]",1,0,0.06,0.00,
"Callee","[sechost.dll]","[rpcrt4.dll]",1,0,0.06,0.00,
"Callee","[sechost.dll]","[sechost.dll]",1,0,0.06,0.00,
"Root","[SGMouseInput.dll]","[SGMouseInput.dll]",1,0,0.06,0.00,
"Caller","[SGMouseInput.dll]","[ntdll.dll]",1,0,0.06,0.00,
"Caller","[SGMouseInput.dll]","[SGMouseInput.dll]",1,0,0.06,0.00,
"Callee","[SGMouseInput.dll]","[ntdll.dll]",1,0,0.06,0.00,
"Callee","[SGMouseInput.dll]","[SGMouseInput.dll]",1,0,0.06,0.00,
"Root","[SHCore.dll]","[SHCore.dll]",1,0,0.06,0.00,
"Caller","[SHCore.dll]","[kernel32.dll]",1,0,0.06,0.00,
"Callee","[SHCore.dll]","[KernelBase.dll]",1,0,0.06,0.00,
"Root","[shlwapi.dll]","[shlwapi.dll]",2,1,0.12,0.06,
"Caller","[shlwapi.dll]","[ExplorerFrame.dll]",1,0,0.06,0.00,
"Caller","[shlwapi.dll]","[mshtml.dll]",1,1,0.06,0.06,
"Callee","[shlwapi.dll]","[user32.dll]",1,0,0.06,0.00,
"Root","[SogouPY.ime]","[SogouPY.ime]",44,5,2.60,0.30,
"Caller","[SogouPY.ime]","[kernel32.dll]",1,0,0.06,0.00,
"Caller","[SogouPY.ime]","[ntdll.dll]",31,0,1.83,0.00,
"Caller","[SogouPY.ime]","[SogouPY.ime]",44,5,2.60,0.30,
"Caller","[SogouPY.ime]","[SogouTSF.ime]",3,0,0.18,0.00,
"Caller","[SogouPY.ime]","[user32.dll]",9,0,0.53,0.00,
"Callee","[SogouPY.ime]","[gdi32.dll]",2,0,0.12,0.00,
"Callee","[SogouPY.ime]","[KernelBase.dll]",27,0,1.60,0.00,
"Callee","[SogouPY.ime]","[ntdll.dll]",3,0,0.18,0.00,
"Callee","[SogouPY.ime]","[ntmarta.dll]",5,0,0.30,0.00,
"Callee","[SogouPY.ime]","[SogouPY.ime]",44,5,2.60,0.30,
"Callee","[SogouPY.ime]","[user32.dll]",1,0,0.06,0.00,
"Callee","[SogouPY.ime]","[未知]",2,0,0.12,0.00,
"Root","[SogouTSF.ime]","[SogouTSF.ime]",4,0,0.24,0.00,
"Caller","[SogouTSF.ime]","[msctf.dll]",3,0,0.18,0.00,
"Caller","[SogouTSF.ime]","[ntdll.dll]",1,0,0.06,0.00,
"Caller","[SogouTSF.ime]","[SogouTSF.ime]",4,0,0.24,0.00,
"Callee","[SogouTSF.ime]","[SogouPY.ime]",3,0,0.18,0.00,
"Callee","[SogouTSF.ime]","[SogouTSF.ime]",4,0,0.24,0.00,
"Callee","[SogouTSF.ime]","[user32.dll]",1,0,0.06,0.00,
"Root","[System.ni.dll]","[System.ni.dll]",18,1,1.06,0.06,
"Caller","[System.ni.dll]","[mscorlib.ni.dll]",16,0,0.95,0.00,
"Caller","[System.ni.dll]","[System.ni.dll]",16,0,0.95,0.00,
"Caller","[System.ni.dll]","[WindowsBase.ni.dll]",2,1,0.12,0.06,
"Callee","[System.ni.dll]","[clr.dll]",1,1,0.06,0.06,
"Callee","[System.ni.dll]","[mscorlib.ni.dll]",7,1,0.41,0.06,
"Callee","[System.ni.dll]","[ntdll.dll]",9,0,0.53,0.00,
"Callee","[System.ni.dll]","[System.ni.dll]",16,0,0.95,0.00,
"Root","[t2embed.dll]","[t2embed.dll]",2,0,0.12,0.00,
"Caller","[t2embed.dll]","[mshtml.dll]",2,0,0.12,0.00,
"Caller","[t2embed.dll]","[t2embed.dll]",2,0,0.12,0.00,
"Callee","[t2embed.dll]","[t2embed.dll]",2,0,0.12,0.00,
"Callee","[t2embed.dll]","[win32u.dll]",2,0,0.12,0.00,
"Root","[TextInputFramework.dll]","[TextInputFramework.dll]",5,0,0.30,0.00,
"Caller","[TextInputFramework.dll]","[CoreUIComponents.dll]",5,0,0.30,0.00,
"Caller","[TextInputFramework.dll]","[TextInputFramework.dll]",5,0,0.30,0.00,
"Callee","[TextInputFramework.dll]","[msctf.dll]",5,0,0.30,0.00,
"Callee","[TextInputFramework.dll]","[TextInputFramework.dll]",5,0,0.30,0.00,
"Root","[twinapi.appcore.dll]","[twinapi.appcore.dll]",5,0,0.30,0.00,
"Caller","[twinapi.appcore.dll]","[DataExchange.dll]",1,0,0.06,0.00,
"Caller","[twinapi.appcore.dll]","[ntdll.dll]",1,0,0.06,0.00,
"Caller","[twinapi.appcore.dll]","[twinapi.appcore.dll]",5,0,0.30,0.00,
"Caller","[twinapi.appcore.dll]","[ucrtbase.dll]",1,0,0.06,0.00,
"Caller","[twinapi.appcore.dll]","[user32.dll]",3,0,0.18,0.00,
"Callee","[twinapi.appcore.dll]","[combase.dll]",1,0,0.06,0.00,
"Callee","[twinapi.appcore.dll]","[KernelBase.dll]",2,0,0.12,0.00,
"Callee","[twinapi.appcore.dll]","[twinapi.appcore.dll]",5,0,0.30,0.00,
"Callee","[twinapi.appcore.dll]","[ucrtbase.dll]",2,0,0.12,0.00,
"Callee","[twinapi.appcore.dll]","[user32.dll]",1,0,0.06,0.00,
"Root","[ucrtbase.dll]","[ucrtbase.dll]",5,4,0.30,0.24,
"Caller","[ucrtbase.dll]","[combase.dll]",1,1,0.06,0.06,
"Caller","[ucrtbase.dll]","[d3d10warp.dll]",2,2,0.12,0.12,
"Caller","[ucrtbase.dll]","[twinapi.appcore.dll]",2,0,0.12,0.00,
"Caller","[ucrtbase.dll]","[ucrtbase.dll]",2,1,0.12,0.06,
"Callee","[ucrtbase.dll]","[twinapi.appcore.dll]",1,0,0.06,0.00,
"Callee","[ucrtbase.dll]","[ucrtbase.dll]",2,1,0.12,0.06,
"Root","[urlmon.dll]","[urlmon.dll]",3,1,0.18,0.06,
"Caller","[urlmon.dll]","[mshtml.dll]",3,0,0.18,0.00,
"Caller","[urlmon.dll]","[urlmon.dll]",3,1,0.18,0.06,
"Callee","[urlmon.dll]","[iertutil.dll]",1,0,0.06,0.00,
"Callee","[urlmon.dll]","[KernelBase.dll]",1,0,0.06,0.00,
"Callee","[urlmon.dll]","[urlmon.dll]",3,1,0.18,0.06,
"Root","[user32.dll]","[user32.dll]","1,012",30,59.85,1.77,
"Caller","[user32.dll]","[combase.dll]",47,0,2.78,0.00,
"Caller","[user32.dll]","[CoreMessaging.dll]",1,0,0.06,0.00,
"Caller","[user32.dll]","[ieframe.dll]",2,0,0.12,0.00,
"Caller","[user32.dll]","[msctf.dll]",8,1,0.47,0.06,
"Caller","[user32.dll]","[msctfui.dll]",1,0,0.06,0.00,
"Caller","[user32.dll]","[mshtml.dll]",76,6,4.49,0.35,
"Caller","[user32.dll]","[ntdll.dll]",398,2,23.54,0.12,
"Caller","[user32.dll]","[PresentationCore.ni.dll]",1,0,0.06,0.00,
"Caller","[user32.dll]","[shlwapi.dll]",1,0,0.06,0.00,
"Caller","[user32.dll]","[SogouPY.ime]",1,0,0.06,0.00,
"Caller","[user32.dll]","[SogouTSF.ime]",1,0,0.06,0.00,
"Caller","[user32.dll]","[twinapi.appcore.dll]",1,0,0.06,0.00,
"Caller","[user32.dll]","[user32.dll]",796,18,47.07,1.06,
"Caller","[user32.dll]","[uxtheme.dll]",15,1,0.89,0.06,
"Caller","[user32.dll]","[WindowsBase.ni.dll]",910,1,53.81,0.06,
"Caller","[user32.dll]","[wisp.dll]",7,1,0.41,0.06,
"Caller","[user32.dll]","[wpfgfx_v0400.dll]",6,0,0.35,0.00,
"Callee","[user32.dll]","[combase.dll]",46,0,2.72,0.00,
"Callee","[user32.dll]","[comctl32.dll]",1,1,0.06,0.06,
"Callee","[user32.dll]","[CoreMessaging.dll]",9,0,0.53,0.00,
"Callee","[user32.dll]","[gdi32.dll]",1,1,0.06,0.06,
"Callee","[user32.dll]","[gdi32full.dll]",1,0,0.06,0.00,
"Callee","[user32.dll]","[ieframe.dll]",18,0,1.06,0.00,
"Callee","[user32.dll]","[msctf.dll]",10,1,0.59,0.06,
"Callee","[user32.dll]","[msctfui.dll]",1,0,0.06,0.00,
"Callee","[user32.dll]","[mshtml.dll]",477,0,28.21,0.00,
"Callee","[user32.dll]","[ntdll.dll]",362,6,21.41,0.35,
"Callee","[user32.dll]","[SogouPY.ime]",9,0,0.53,0.00,
"Callee","[user32.dll]","[twinapi.appcore.dll]",3,0,0.18,0.00,
"Callee","[user32.dll]","[user32.dll]",796,18,47.07,1.06,
"Callee","[user32.dll]","[uxtheme.dll]",21,4,1.24,0.24,
"Callee","[user32.dll]","[win32u.dll]",323,1,19.10,0.06,
"Callee","[user32.dll]","[WindowsBase.ni.dll]",1,1,0.06,0.06,
"Callee","[user32.dll]","[未知]",220,4,13.01,0.24,
"Root","[uxtheme.dll]","[uxtheme.dll]",21,4,1.24,0.24,
"Caller","[uxtheme.dll]","[msctfui.dll]",1,0,0.06,0.00,
"Caller","[uxtheme.dll]","[user32.dll]",21,4,1.24,0.24,
"Caller","[uxtheme.dll]","[uxtheme.dll]",15,0,0.89,0.00,
"Callee","[uxtheme.dll]","[gdi32full.dll]",1,1,0.06,0.06,
"Callee","[uxtheme.dll]","[ntdll.dll]",3,2,0.18,0.12,
"Callee","[uxtheme.dll]","[user32.dll]",15,1,0.89,0.06,
"Callee","[uxtheme.dll]","[uxtheme.dll]",15,0,0.89,0.00,
"Root","[vcruntime140_clr0400.dll]","[vcruntime140_clr0400.dll]",4,4,0.24,0.24,
"Caller","[vcruntime140_clr0400.dll]","[clr.dll]",1,1,0.06,0.06,
"Caller","[vcruntime140_clr0400.dll]","[wpfgfx_v0400.dll]",3,3,0.18,0.18,
"Root","[win32u.dll]","[win32u.dll]",473,8,27.97,0.47,
"Caller","[win32u.dll]","[combase.dll]",1,0,0.06,0.00,
"Caller","[win32u.dll]","[CoreMessaging.dll]",1,0,0.06,0.00,
"Caller","[win32u.dll]","[d3d11.dll]",20,0,1.18,0.00,
"Caller","[win32u.dll]","[d3d9.dll]",3,0,0.18,0.00,
"Caller","[win32u.dll]","[gdi32.dll]",1,1,0.06,0.06,
"Caller","[win32u.dll]","[gdi32full.dll]",33,0,1.95,0.00,
"Caller","[win32u.dll]","[mshtml.dll]",72,2,4.26,0.12,
"Caller","[win32u.dll]","[t2embed.dll]",2,0,0.12,0.00,
"Caller","[win32u.dll]","[user32.dll]",323,1,19.10,0.06,
"Caller","[win32u.dll]","[WindowsBase.ni.dll]",17,4,1.01,0.24,
"Callee","[win32u.dll]","[ntdll.dll]",464,0,27.44,0.00,
"Callee","[win32u.dll]","[未知]",1,0,0.06,0.00,
"Root","[Windows.Media.dll]","[Windows.Media.dll]",1,0,0.06,0.00,
"Caller","[Windows.Media.dll]","[ntdll.dll]",1,0,0.06,0.00,
"Caller","[Windows.Media.dll]","[Windows.Media.dll]",1,0,0.06,0.00,
"Callee","[Windows.Media.dll]","[ntdll.dll]",1,0,0.06,0.00,
"Callee","[Windows.Media.dll]","[Windows.Media.dll]",1,0,0.06,0.00,
"Root","[WindowsBase.ni.dll]","[WindowsBase.ni.dll]",991,28,58.60,1.66,
"Caller","[WindowsBase.ni.dll]","[mscorlib.ni.dll]",104,0,6.15,0.00,
"Caller","[WindowsBase.ni.dll]","[PresentationCore.ni.dll]",45,10,2.66,0.59,
"Caller","[WindowsBase.ni.dll]","[PresentationFramework.ni.dll]",991,0,58.60,0.00,
"Caller","[WindowsBase.ni.dll]","[user32.dll]",1,1,0.06,0.06,
"Caller","[WindowsBase.ni.dll]","[WindowsBase.ni.dll]",966,16,57.13,0.95,
"Caller","[WindowsBase.ni.dll]","[未知]",204,1,12.06,0.06,
"Callee","[WindowsBase.ni.dll]","[clr.dll]",36,11,2.13,0.65,
"Callee","[WindowsBase.ni.dll]","[ieframe.dll]",23,0,1.36,0.00,
"Callee","[WindowsBase.ni.dll]","[kernel32.dll]",1,1,0.06,0.06,
"Callee","[WindowsBase.ni.dll]","[mscorlib.ni.dll]",114,9,6.74,0.53,
"Callee","[WindowsBase.ni.dll]","[msctf.dll]",4,0,0.24,0.00,
"Callee","[WindowsBase.ni.dll]","[ntdll.dll]",26,1,1.54,0.06,
"Callee","[WindowsBase.ni.dll]","[ole32.dll]",1,0,0.06,0.00,
"Callee","[WindowsBase.ni.dll]","[PresentationCore.ni.dll]",98,7,5.80,0.41,
"Callee","[WindowsBase.ni.dll]","[PresentationFramework.ni.dll]",14,1,0.83,0.06,
"Callee","[WindowsBase.ni.dll]","[System.ni.dll]",2,1,0.12,0.06,
"Callee","[WindowsBase.ni.dll]","[user32.dll]",910,1,53.81,0.06,
"Callee","[WindowsBase.ni.dll]","[win32u.dll]",17,4,1.01,0.24,
"Callee","[WindowsBase.ni.dll]","[WindowsBase.ni.dll]",966,16,57.13,0.95,
"Callee","[WindowsBase.ni.dll]","[wow64cpu.dll]",1,1,0.06,0.06,
"Callee","[WindowsBase.ni.dll]","[未知]",39,7,2.31,0.41,
"Root","[WindowsCodecs.dll]","[WindowsCodecs.dll]",1,0,0.06,0.00,
"Caller","[WindowsCodecs.dll]","[mshtml.dll]",1,0,0.06,0.00,
"Caller","[WindowsCodecs.dll]","[WindowsCodecs.dll]",1,0,0.06,0.00,
"Callee","[WindowsCodecs.dll]","[msvcrt.dll]",1,0,0.06,0.00,
"Callee","[WindowsCodecs.dll]","[WindowsCodecs.dll]",1,0,0.06,0.00,
"Root","[wininet.dll]","[wininet.dll]",1,0,0.06,0.00,
"Caller","[wininet.dll]","[mshtml.dll]",1,0,0.06,0.00,
"Caller","[wininet.dll]","[wininet.dll]",1,0,0.06,0.00,
"Callee","[wininet.dll]","[ntdll.dll]",1,0,0.06,0.00,
"Callee","[wininet.dll]","[wininet.dll]",1,0,0.06,0.00,
"Root","[wisp.dll]","[wisp.dll]",7,0,0.41,0.00,
"Caller","[wisp.dll]","[msvcrt.dll]",7,0,0.41,0.00,
"Callee","[wisp.dll]","[user32.dll]",7,1,0.41,0.06,
"Root","[wow64.dll]","[wow64.dll]",765,35,45.24,2.07,
"Caller","[wow64.dll]","[ntdll.dll]",743,0,43.94,0.00,
"Caller","[wow64.dll]","[wow64.dll]",765,9,45.24,0.53,
"Caller","[wow64.dll]","[wow64cpu.dll]",658,19,38.91,1.12,
"Caller","[wow64.dll]","[wow64win.dll]",210,7,12.42,0.41,
"Caller","[wow64.dll]","[未知]",1,0,0.06,0.00,
"Callee","[wow64.dll]","[ntdll.dll]",164,163,9.70,9.64,
"Callee","[wow64.dll]","[wow64.dll]",765,9,45.24,0.53,
"Callee","[wow64.dll]","[wow64cpu.dll]",764,1,45.18,0.06,
"Callee","[wow64.dll]","[wow64win.dll]",486,7,28.74,0.41,
"Root","[wow64cpu.dll]","[wow64cpu.dll]",765,168,45.24,9.93,
"Caller","[wow64cpu.dll]","[WindowsBase.ni.dll]",1,1,0.06,0.06,
"Caller","[wow64cpu.dll]","[wow64.dll]",764,1,45.18,0.06,
"Caller","[wow64cpu.dll]","[wow64cpu.dll]",764,166,45.18,9.82,
"Callee","[wow64cpu.dll]","[ntdll.dll]",6,3,0.35,0.18,
"Callee","[wow64cpu.dll]","[wow64.dll]",658,19,38.91,1.12,
"Callee","[wow64cpu.dll]","[wow64cpu.dll]",764,166,45.18,9.82,
"Callee","[wow64cpu.dll]","[未知]",27,0,1.60,0.00,
"Root","[wow64win.dll]","[wow64win.dll]",503,392,29.75,23.18,
"Caller","[wow64win.dll]","[ntdll.dll]",212,0,12.54,0.00,
"Caller","[wow64win.dll]","[wow64.dll]",486,7,28.74,0.41,
"Caller","[wow64win.dll]","[wow64win.dll]",481,384,28.44,22.71,
"Caller","[wow64win.dll]","[未知]",1,1,0.06,0.06,
"Callee","[wow64win.dll]","[ntdll.dll]",4,0,0.24,0.00,
"Callee","[wow64win.dll]","[wow64.dll]",210,7,12.42,0.41,
"Callee","[wow64win.dll]","[wow64win.dll]",481,384,28.44,22.71,
"Callee","[wow64win.dll]","[未知]",190,0,11.24,0.00,
"Root","[wpfgfx_v0400.dll]","[wpfgfx_v0400.dll]",48,14,2.84,0.83,
"Caller","[wpfgfx_v0400.dll]","[kernel32.dll]",35,0,2.07,0.00,
"Caller","[wpfgfx_v0400.dll]","[PresentationCore.ni.dll]",13,0,0.77,0.00,
"Caller","[wpfgfx_v0400.dll]","[wpfgfx_v0400.dll]",47,14,2.78,0.83,
"Callee","[wpfgfx_v0400.dll]","[d3d9.dll]",11,0,0.65,0.00,
"Callee","[wpfgfx_v0400.dll]","[kernel32.dll]",1,1,0.06,0.06,
"Callee","[wpfgfx_v0400.dll]","[KernelBase.dll]",2,0,0.12,0.00,
"Callee","[wpfgfx_v0400.dll]","[ntdll.dll]",11,6,0.65,0.35,
"Callee","[wpfgfx_v0400.dll]","[user32.dll]",6,0,0.35,0.00,
"Callee","[wpfgfx_v0400.dll]","[vcruntime140_clr0400.dll]",3,3,0.18,0.18,
"Callee","[wpfgfx_v0400.dll]","[wpfgfx_v0400.dll]",47,14,2.78,0.83,
"Root","[未知]","[未知]",542,80,32.05,4.73,
"Caller","[未知]","[d3d10warp.dll]",1,1,0.06,0.06,
"Caller","[未知]","[jscript9.dll]",42,1,2.48,0.06,
"Caller","[未知]","[mscorlib.ni.dll]",2,2,0.12,0.12,
"Caller","[未知]","[msctfui.dll]",1,0,0.06,0.00,
"Caller","[未知]","[PresentationCore.ni.dll]",3,3,0.18,0.18,
"Caller","[未知]","[SogouPY.ime]",2,0,0.12,0.00,
"Caller","[未知]","[user32.dll]",220,4,13.01,0.24,
"Caller","[未知]","[win32u.dll]",1,0,0.06,0.00,
"Caller","[未知]","[WindowsBase.ni.dll]",39,7,2.31,0.41,
"Caller","[未知]","[wow64cpu.dll]",27,0,1.60,0.00,
"Caller","[未知]","[wow64win.dll]",190,0,11.24,0.00,
"Caller","[未知]","[未知]",295,62,17.45,3.67,
"Callee","[未知]","[jscript9.dll]",41,5,2.42,0.30,
"Callee","[未知]","[ntdll.dll]",228,4,13.48,0.24,
"Callee","[未知]","[PicFace.dll]",7,0,0.41,0.00,
"Callee","[未知]","[PresentationCore.ni.dll]",6,0,0.35,0.00,
"Callee","[未知]","[PresentationFramework.ni.dll]",25,0,1.48,0.00,
"Callee","[未知]","[WindowsBase.ni.dll]",204,1,12.06,0.06,
"Callee","[未知]","[wow64.dll]",1,0,0.06,0.00,
"Callee","[未知]","[wow64win.dll]",1,1,0.06,0.06,
"Callee","[未知]","[未知]",295,62,17.45,3.67,
"Root","极简浏览器.App+Program.Main","极简浏览器.App+Program.Main",967,0,57.19,0.00,
"Caller","极简浏览器.App+Program.Main","[clr.dll]",967,0,57.19,0.00,
"Callee","极简浏览器.App+Program.Main","[PresentationFramework.ni.dll]",967,0,57.19,0.00,
